License;Round;Bidder;Tie;Bid (GBP);Bid (USD)
A;1;TIW;FALSE;170000000;274550000
B;1;ORANGE;FALSE;107400000;173451000
D;1;CRESCENT;TRUE;89300000;144219500
D;1;ONE.TEL;TRUE;89300000;144219500
E;1;EPSILON;TRUE;89300000;144219500
E;1;ONE2ONE;TRUE;89300000;144219500
A;2;NTL MOBILE;FALSE;178500000;288277500
B;2;TELEFONICA;FALSE;113100000;182656500
C;2;WORLDCOM;FALSE;90200000;145673000
D;2;CRESCENT;FALSE;89300000;144219500
E;2;EPSILON;FALSE;89300000;144219500
A;3;NTL MOBILE;FALSE;178500000;288277500
B;3;TIW;FALSE;176500000;285047500
C;3;WORLDCOM;FALSE;90200000;145673000
E;3;ONE2ONE;FALSE;93800000;151487000
D;3;3GUK;TRUE;93800000;151487000
D;3;ONE.TEL;TRUE;93800000;151487000
A;4;NTL MOBILE;FALSE;178500000;288277500
B;4;ORANGE;FALSE;186700000;301520500
C;4;TELEFONICA;FALSE;95300000;153909500
D;4;3GUK;FALSE;93800000;151487000
E;4;ONE2ONE;FALSE;93800000;151487000
A;5;SPECTRUMCO;FALSE;187500000;302812500
C;5;TELEFONICA;FALSE;95300000;153909500
D;5;WORLDCOM;FALSE;99200000;160208000
E;5;EPSILON;FALSE;100100000;161661500
B;5;BT3G;TRUE;196100000;316701500
B;5;TIW;TRUE;196100000;316701500
B;5;VODAFONE;TRUE;196100000;316701500
A;6;SPECTRUMCO;FALSE;187500000;302812500
B;6;ORANGE;FALSE;208900000;337373500
C;6;NTL MOBILE;FALSE;110000000;177650000
D;6;WORLDCOM;FALSE;99200000;160208000
E;6;EPSILON;FALSE;100100000;161661500
A;7;SPECTRUMCO;FALSE;187500000;302812500
C;7;NTL MOBILE;FALSE;110000000;177650000
E;7;3GUK;FALSE;105200000;169898000
B;7;BT3G;TRUE;219400000;354331000
B;7;TIW;TRUE;219400000;354331000
B;7;VODAFONE;TRUE;219400000;354331000
D;7;CRESCENT;TRUE;104200000;168283000
D;7;ONE2ONE;TRUE;104200000;168283000
D;7;ONE.TEL;TRUE;104200000;168283000
D;7;TELEFONICA;TRUE;104200000;168283000
A;8;TIW;FALSE;199500000;322192500
C;8;NTL MOBILE;FALSE;110000000;177650000
D;8;EPSILON;FALSE;110700000;178780500
E;8;3GUK;FALSE;105200000;169898000
B;8;ORANGE;TRUE;230400000;372096000
B;8;VODAFONE;TRUE;230400000;372096000
A;9;SPECTRUMCO;FALSE;209500000;338342500
B;9;ORANGE;FALSE;247800000;400197000
C;9;NTL MOBILE;FALSE;110000000;177650000
D;9;EPSILON;FALSE;110700000;178780500
E;9;TELEFONICA;FALSE;110700000;178780500
A;10;SPECTRUMCO;FALSE;209500000;338342500
B;10;TIW;FALSE;270000000;436050000
C;10;WORLDCOM;FALSE;116300000;187824500
D;10;EPSILON;FALSE;110700000;178780500
E;10;3GUK;FALSE;116300000;187824500
A;11;NTL MOBILE;FALSE;220000000;355300000
B;11;ORANGE;FALSE;285200000;460598000
C;11;WORLDCOM;FALSE;116300000;187824500
D;11;TELEFONICA;FALSE;117000000;188955000
E;11;3GUK;FALSE;116300000;187824500
C;12;ONE.TEL;FALSE;122200000;197353000
D;12;EPSILON;FALSE;124000000;200260000
A;12;SPECTRUMCO;TRUE;231000000;373065000
A;12;TIW;TRUE;231000000;373065000
B;12;BT3G;TRUE;299500000;483692500
B;12;VODAFONE;TRUE;299500000;483692500
E;12;CRESCENT;TRUE;122200000;197353000
E;12;ONE2ONE;TRUE;122200000;197353000
A;13;SPECTRUMCO;FALSE;231000000;373065000
B;13;TIW;FALSE;330100000;533111500
D;13;EPSILON;FALSE;124000000;200260000
E;13;TELEFONICA;FALSE;128800000;208012000
C;13;CRESCENT;TRUE;128400000;207366000
C;13;NTL MOBILE;TRUE;128400000;207366000
A;14;SPECTRUMCO;FALSE;231000000;373065000
B;14;ORANGE;FALSE;348400000;562666000
C;14;NTL MOBILE;FALSE;128400000;207366000
D;14;WORLDCOM;FALSE;130300000;210434500
E;14;TELEFONICA;FALSE;128800000;208012000
A;15;SPECTRUMCO;FALSE;231000000;373065000
D;15;WORLDCOM;FALSE;130300000;210434500
E;15;EPSILON;FALSE;136900000;221093500
B;15;BT3G;TRUE;365900000;590928500
B;15;VODAFONE;TRUE;365900000;590928500
C;15;3GUK;TRUE;134900000;217863500
C;15;CRESCENT;TRUE;134900000;217863500
C;15;ONE2ONE;TRUE;134900000;217863500
C;15;ONE.TEL;TRUE;134900000;217863500
C;15;TIW;TRUE;134900000;217863500
A;16;NTL MOBILE;FALSE;242600000;391799000
B;16;ORANGE;FALSE;400900000;647453500
C;16;TIW;FALSE;143800000;232237000
D;16;TELEFONICA;FALSE;137500000;222062500
E;16;EPSILON;FALSE;136900000;221093500
A;17;SPECTRUMCO;FALSE;254800000;411502000
B;17;VODAFONE;FALSE;421000000;679915000
C;17;TIW;FALSE;143800000;232237000
D;17;TELEFONICA;FALSE;137500000;222062500
E;17;3GUK;TRUE;143800000;232237000
E;17;BT3G;TRUE;143800000;232237000
E;17;CRESCENT;TRUE;143800000;232237000
E;17;ONE2ONE;TRUE;143800000;232237000
E;17;ONE.TEL;TRUE;143800000;232237000
E;17;WORLDCOM;TRUE;143800000;232237000
A;18;SPECTRUMCO;FALSE;254800000;411502000
B;18;ORANGE;FALSE;446100000;720451500
C;18;TIW;FALSE;143800000;232237000
D;18;WORLDCOM;FALSE;145200000;234498000
E;18;ONE.TEL;FALSE;143800000;232237000
A;19;NTL MOBILE;FALSE;267600000;432174000
B;19;VODAFONE;FALSE;468500000;756627500
C;19;EPSILON;FALSE;152100000;245641500
D;19;WORLDCOM;FALSE;145200000;234498000
E;19;3GUK;TRUE;151000000;243865000
E;19;BT3G;TRUE;151000000;243865000
E;19;ONE2ONE;TRUE;151000000;243865000
A;20;SPECTRUMCO;FALSE;281000000;453815000
B;20;ORANGE;FALSE;515600000;832694000
C;20;EPSILON;FALSE;152100000;245641500
D;20;TELEFONICA;FALSE;154000000;248710000
E;20;3GUK;FALSE;151000000;243865000
A;21;NTL MOBILE;FALSE;295100000;476586500
B;21;VODAFONE;FALSE;541400000;874361000
C;21;EPSILON;FALSE;152100000;245641500
D;21;TELEFONICA;FALSE;154000000;248710000
E;21;WORLDCOM;FALSE;158900000;256623500
A;22;SPECTRUMCO;FALSE;309900000;500488500
B;22;VODAFONE;FALSE;541400000;874361000
C;22;TIW;FALSE;166900000;269543500
D;22;TELEFONICA;FALSE;154000000;248710000
E;22;ORANGE;FALSE;173500000;280202500
A;23;SPECTRUMCO;FALSE;309900000;500488500
B;23;VODAFONE;FALSE;541400000;874361000
C;23;TIW;FALSE;166900000;269543500
D;23;NTL MOBILE;FALSE;169000000;272935000
E;23;ORANGE;FALSE;173500000;280202500
A;24;SPECTRUMCO;FALSE;309900000;500488500
B;24;VODAFONE;FALSE;541400000;874361000
C;24;EPSILON;FALSE;177500000;286662500
D;24;NTL MOBILE;FALSE;169000000;272935000
E;24;ORANGE;FALSE;173500000;280202500
A;25;SPECTRUMCO;FALSE;309900000;500488500
B;25;VODAFONE;FALSE;541400000;874361000
C;25;EPSILON;FALSE;177500000;286662500
D;25;TELEFONICA;FALSE;178200000;287793000
E;25;ORANGE;FALSE;173500000;280202500
A;26;NTL MOBILE;FALSE;325400000;525521000
B;26;VODAFONE;FALSE;541400000;874361000
C;26;3GUK;FALSE;191000000;308465000
D;26;TELEFONICA;FALSE;178200000;287793000
E;26;TIW;FALSE;186400000;301036000
A;27;SPECTRUMCO;FALSE;341700000;551845500
B;27;VODAFONE;FALSE;541400000;874361000
C;27;3GUK;FALSE;191000000;308465000
D;27;EPSILON;FALSE;187400000;302651000
E;27;ORANGE;FALSE;201900000;326068500
A;28;NTL MOBILE;FALSE;358800000;579462000
B;28;VODAFONE;FALSE;541400000;874361000
C;28;3GUK;FALSE;191000000;308465000
D;28;TELEFONICA;FALSE;197000000;318155000
E;28;ORANGE;FALSE;201900000;326068500
B;29;VODAFONE;FALSE;541400000;874361000
C;29;EPSILON;FALSE;200800000;324292000
D;29;TELEFONICA;FALSE;197000000;318155000
E;29;ORANGE;FALSE;201900000;326068500
A;29;SPECTRUMCO;TRUE;376800000;608532000
A;29;TIW;TRUE;376800000;608532000
A;30;SPECTRUMCO;FALSE;395700000;639055500
B;30;VODAFONE;FALSE;541400000;874361000
C;30;EPSILON;FALSE;200800000;324292000
E;30;ORANGE;FALSE;201900000;326068500
D;30;3GUK;TRUE;206900000;334143500
D;30;BT3G;TRUE;206900000;334143500
D;30;CRESCENT;TRUE;206900000;334143500
D;30;NTL MOBILE;TRUE;206900000;334143500
D;30;ONE2ONE;TRUE;206900000;334143500
D;30;ONE.TEL;TRUE;206900000;334143500
D;30;WORLDCOM;TRUE;206900000;334143500
A;31;3GUK;FALSE;421000000;679915000
B;31;VODAFONE;FALSE;541400000;874361000
C;31;TELEFONICA;FALSE;211000000;340765000
D;31;ONE.TEL;FALSE;206900000;334143500
E;31;NTL MOBILE;TRUE;212000000;342380000
E;31;TIW;TRUE;212000000;342380000
A;32;SPECTRUMCO;FALSE;442100000;713991500
B;32;VODAFONE;FALSE;541400000;874361000
C;32;TIW;FALSE;228300000;368704500
E;32;ORANGE;FALSE;222600000;359499000
D;32;BT3G;TRUE;217300000;350939500
D;32;CRESCENT;TRUE;217300000;350939500
D;32;ONE2ONE;TRUE;217300000;350939500
D;32;WORLDCOM;TRUE;217300000;350939500
A;33;SPECTRUMCO;FALSE;442100000;713991500
B;33;VODAFONE;FALSE;541400000;874361000
C;33;TIW;FALSE;228300000;368704500
D;33;TELEFONICA;FALSE;229300000;370319500
E;33;NTL MOBILE;FALSE;233800000;377587000
A;34;SPECTRUMCO;FALSE;442100000;713991500
B;34;VODAFONE;FALSE;541400000;874361000
D;34;TELEFONICA;FALSE;229300000;370319500
E;34;ORANGE;FALSE;246200000;397613000
C;34;3GUK;TRUE;240000000;387600000
C;34;EPSILON;TRUE;240000000;387600000
A;35;SPECTRUMCO;FALSE;442100000;713991500
B;35;VODAFONE;FALSE;541400000;874361000
C;35;EPSILON;FALSE;252000000;406980000
E;35;ORANGE;FALSE;246200000;397613000
D;35;BT3G;TRUE;240800000;388892000
D;35;CRESCENT;TRUE;240800000;388892000
D;35;NTL MOBILE;TRUE;240800000;388892000
D;35;ONE2ONE;TRUE;240800000;388892000
D;35;ONE.TEL;TRUE;240800000;388892000
D;35;TIW;TRUE;240800000;388892000
D;35;WORLDCOM;TRUE;240800000;388892000
A;36;SPECTRUMCO;FALSE;442100000;713991500
B;36;VODAFONE;FALSE;541400000;874361000
C;36;EPSILON;FALSE;252000000;406980000
D;36;TELEFONICA;FALSE;254100000;410371500
E;36;TIW;FALSE;258600000;417639000
A;37;NTL MOBILE;FALSE;464300000;749844500
B;37;ORANGE;FALSE;569100000;919096500
D;37;TELEFONICA;FALSE;254100000;410371500
E;37;TIW;FALSE;258600000;417639000
C;37;3GUK;TRUE;264600000;427329000
C;37;BT3G;TRUE;264600000;427329000
C;37;CRESCENT;TRUE;264600000;427329000
C;37;ONE2ONE;TRUE;264600000;427329000
C;37;ONE.TEL;TRUE;264600000;427329000
C;37;WORLDCOM;TRUE;264600000;427329000
A;38;SPECTRUMCO;FALSE;487600000;787474000
B;38;VODAFONE;FALSE;597600000;965124000
C;38;ONE2ONE;FALSE;264600000;427329000
E;38;EPSILON;FALSE;271600000;438634000
D;38;3GUK;TRUE;266900000;431043500
D;38;BT3G;TRUE;266900000;431043500
D;38;CRESCENT;TRUE;266900000;431043500
D;38;ONE.TEL;TRUE;266900000;431043500
D;38;WORLDCOM;TRUE;266900000;431043500
A;39;SPECTRUMCO;FALSE;487600000;787474000
B;39;ORANGE;FALSE;636900000;1028593500
C;39;TIW;FALSE;280300000;452684500
E;39;EPSILON;FALSE;271600000;438634000
D;39;NTL MOBILE;TRUE;280300000;452684500
D;39;TELEFONICA;TRUE;280300000;452684500
A;40;NTL MOBILE;FALSE;512000000;826880000
B;40;VODAFONE;FALSE;668800000;1080112000
C;40;TIW;FALSE;280300000;452684500
D;40;TELEFONICA;FALSE;280300000;452684500
E;40;3GUK;TRUE;285200000;460598000
E;40;BT3G;TRUE;285200000;460598000
E;40;CRESCENT;TRUE;285200000;460598000
E;40;ONE2ONE;TRUE;285200000;460598000
E;40;ONE.TEL;TRUE;285200000;460598000
E;40;WORLDCOM;TRUE;285200000;460598000
A;41;SPECTRUMCO;FALSE;537600000;868224000
B;41;ORANGE;FALSE;728300000;1176204500
D;41;WORLDCOM;FALSE;300000000;484500000
E;41;3GUK;FALSE;310000000;500650000
C;41;CRESCENT;TRUE;294400000;475456000
C;41;ONE.TEL;TRUE;294400000;475456000
A;42;SPECTRUMCO;FALSE;537600000;868224000
B;42;VODAFONE;FALSE;764800000;1235152000
C;42;TIW;FALSE;310000000;500650000
E;42;3GUK;FALSE;310000000;500650000
D;42;NTL MOBILE;TRUE;315000000;508725000
D;42;TELEFONICA;TRUE;315000000;508725000
A;43;SPECTRUMCO;FALSE;537600000;868224000
B;43;VODAFONE;FALSE;764800000;1235152000
C;43;EPSILON;FALSE;325800000;526167000
D;43;TELEFONICA;FALSE;330800000;534242000
E;43;ORANGE;FALSE;334000000;539410000
A;44;NTL MOBILE;FALSE;592200000;956403000
B;44;VODAFONE;FALSE;764800000;1235152000
C;44;TIW;FALSE;347400000;561051000
D;44;TELEFONICA;FALSE;330800000;534242000
E;44;ORANGE;FALSE;334000000;539410000
A;45;SPECTRUMCO;FALSE;621900000;1004368500
B;45;VODAFONE;FALSE;764800000;1235152000
C;45;TIW;FALSE;347400000;561051000
D;45;WORLDCOM;FALSE;360000000;581400000
E;45;ORANGE;FALSE;334000000;539410000
A;46;SPECTRUMCO;FALSE;621900000;1004368500
B;46;VODAFONE;FALSE;764800000;1235152000
C;46;NTL MOBILE;FALSE;378000000;610470000
D;46;WORLDCOM;FALSE;360000000;581400000
E;46;TELEFONICA;FALSE;364800000;589152000
A;47;SPECTRUMCO;FALSE;621900000;1004368500
B;47;VODAFONE;FALSE;764800000;1235152000
C;47;NTL MOBILE;FALSE;378000000;610470000
D;47;TIW;FALSE;383100000;618706500
E;47;ORANGE;FALSE;394200000;636633000
A;48;SPECTRUMCO;FALSE;621900000;1004368500
B;48;VODAFONE;FALSE;764800000;1235152000
C;48;TELEFONICA;FALSE;402300000;649714500
D;48;EPSILON;FALSE;402400000;649876000
E;48;ORANGE;FALSE;394200000;636633000
A;49;NTL MOBILE;FALSE;653000000;1054595000
B;49;VODAFONE;FALSE;764800000;1235152000
C;49;TELEFONICA;FALSE;402300000;649714500
D;49;EPSILON;FALSE;402400000;649876000
E;49;3GUK;TRUE;414000000;668610000
E;49;BT3G;TRUE;414000000;668610000
E;49;CRESCENT;TRUE;414000000;668610000
E;49;ONE2ONE;TRUE;414000000;668610000
E;49;ONE.TEL;TRUE;414000000;668610000
E;49;TIW;TRUE;414000000;668610000
E;49;WORLDCOM;TRUE;414000000;668610000
A;50;SPECTRUMCO;FALSE;685700000;1107405500
B;50;VODAFONE;FALSE;764800000;1235152000
C;50;WORLDCOM;FALSE;425000000;686375000
D;50;EPSILON;FALSE;402400000;649876000
E;50;ORANGE;FALSE;434700000;702040500
A;51;NTL MOBILE;FALSE;720000000;1162800000
B;51;VODAFONE;FALSE;764800000;1235152000
C;51;WORLDCOM;FALSE;425000000;686375000
D;51;TELEFONICA;FALSE;446300000;720774500
E;51;3GUK;FALSE;461000000;744515000
A;52;SPECTRUMCO;FALSE;756000000;1220940000
B;52;ORANGE;FALSE;805500000;1300882500
C;52;EPSILON;FALSE;446800000;721582000
D;52;TELEFONICA;FALSE;446300000;720774500
E;52;TIW;FALSE;492200000;794903000
A;53;SPECTRUMCO;FALSE;756000000;1220940000
B;53;VODAFONE;FALSE;845800000;1365967000
C;53;NTL MOBILE;FALSE;492200000;794903000
D;53;WORLDCOM;FALSE;488200000;788443000
E;53;TIW;FALSE;492200000;794903000
A;54;SPECTRUMCO;FALSE;756000000;1220940000
B;54;VODAFONE;FALSE;845800000;1365967000
C;54;EPSILON;FALSE;517000000;834955000
D;54;TELEFONICA;FALSE;516900000;834793500
E;54;ORANGE;FALSE;536500000;866447500
A;55;NTL MOBILE;FALSE;794100000;1282471500
B;55;VODAFONE;FALSE;845800000;1365967000
C;55;EPSILON;FALSE;517000000;834955000
D;55;WORLDCOM;FALSE;553700000;894225500
E;55;ORANGE;FALSE;536500000;866447500
A;56;SPECTRUMCO;FALSE;833900000;1346748500
B;56;VODAFONE;FALSE;845800000;1365967000
C;56;TELEFONICA;FALSE;563400000;909891000
D;56;WORLDCOM;FALSE;553700000;894225500
E;56;ORANGE;FALSE;536500000;866447500
A;57;NTL MOBILE;FALSE;875600000;1414094000
B;57;VODAFONE;FALSE;845800000;1365967000
C;57;TELEFONICA;FALSE;563400000;909891000
D;57;WORLDCOM;FALSE;553700000;894225500
E;57;EPSILON;FALSE;563900000;910698500
A;58;NTL MOBILE;FALSE;875600000;1414094000
B;58;BT3G;FALSE;888100000;1434281500
C;58;TELEFONICA;FALSE;563400000;909891000
D;58;TIW;FALSE;591600000;955434000
E;58;ORANGE;FALSE;606900000;980143500
A;59;NTL MOBILE;FALSE;875600000;1414094000
B;59;VODAFONE;FALSE;932600000;1506149000
C;59;WORLDCOM;FALSE;592100000;956241500
D;59;TIW;FALSE;591600000;955434000
E;59;ORANGE;FALSE;606900000;980143500
A;60;SPECTRUMCO;FALSE;919400000;1484831000
B;60;VODAFONE;FALSE;932600000;1506149000
C;60;TELEFONICA;FALSE;637300000;1029239500
E;60;ORANGE;FALSE;606900000;980143500
D;60;3GUK;TRUE;621200000;1003238000
D;60;BT3G;TRUE;621200000;1003238000
D;60;CRESCENT;TRUE;621200000;1003238000
D;60;ONE2ONE;TRUE;621200000;1003238000
D;60;ONE.TEL;TRUE;621200000;1003238000
A;61;NTL MOBILE;FALSE;965500000;1559282500
B;61;VODAFONE;FALSE;932600000;1506149000
C;61;TELEFONICA;FALSE;637300000;1029239500
D;61;3GUK;FALSE;655000000;1057825000
E;61;WORLDCOM;FALSE;652400000;1053626000
A;62;NTL MOBILE;FALSE;965500000;1559282500
B;62;BT3G;FALSE;979300000;1581569500
C;62;TIW;FALSE;685100000;1106436500
D;62;EPSILON;FALSE;687800000;1110797000
E;62;ORANGE;FALSE;698800000;1128562000
A;63;SPECTRUMCO;FALSE;1013800000;1637287000
B;63;VODAFONE;FALSE;1028300000;1660704500
C;63;TELEFONICA;FALSE;722200000;1166353000
D;63;EPSILON;FALSE;687800000;1110797000
E;63;ORANGE;FALSE;698800000;1128562000
A;64;NTL MOBILE;FALSE;1070000000;1728050000
B;64;VODAFONE;FALSE;1028300000;1660704500
C;64;TELEFONICA;FALSE;722200000;1166353000
E;64;TIW;FALSE;758400000;1224816000
D;64;3GUK;TRUE;722200000;1166353000
D;64;BT3G;TRUE;722200000;1166353000
D;64;CRESCENT;TRUE;722200000;1166353000
D;64;ONE2ONE;TRUE;722200000;1166353000
D;64;ONE.TEL;TRUE;722200000;1166353000
D;64;WORLDCOM;TRUE;722200000;1166353000
A;65;NTL MOBILE;FALSE;1070000000;1728050000
B;65;VODAFONE;FALSE;1028300000;1660704500
C;65;WORLDCOM;FALSE;785100000;1267936500
E;65;ORANGE;FALSE;805200000;1300398000
D;65;3GUK;TRUE;758400000;1224816000
D;65;BT3G;TRUE;758400000;1224816000
D;65;CRESCENT;TRUE;758400000;1224816000
D;65;SPECTRUMCO;TRUE;758400000;1224816000
A;66;3GUK;FALSE;1150100000;1857411500
B;66;BT3G;FALSE;1079800000;1743877000
C;66;WORLDCOM;FALSE;785100000;1267936500
E;66;ORANGE;FALSE;805200000;1300398000
D;66;EPSILON;TRUE;824400000;1331406000
D;66;TELEFONICA;TRUE;824400000;1331406000
A;67;NTL MOBILE;FALSE;1207700000;1950435500
B;67;VODAFONE;FALSE;1133800000;1831087000
D;67;TELEFONICA;FALSE;824400000;1331406000
E;67;TIW;FALSE;909000000;1468035000
C;67;CRESCENT;TRUE;824400000;1331406000
C;67;ONE2ONE;TRUE;824400000;1331406000
C;67;ONE.TEL;TRUE;824400000;1331406000
C;67;SPECTRUMCO;TRUE;824400000;1331406000
A;68;NTL MOBILE;FALSE;1207700000;1950435500
B;68;ORANGE;FALSE;1250000000;2018750000
C;68;WORLDCOM;FALSE;873700000;1411025500
D;68;BT3G;FALSE;865700000;1398105500
E;68;TIW;FALSE;909000000;1468035000
A;69;NTL MOBILE;FALSE;1207700000;1950435500
B;69;VODAFONE;FALSE;1312500000;2119687500
C;69;EPSILON;FALSE;917400000;1481601000
D;69;TELEFONICA;FALSE;917400000;1481601000
E;69;TIW;FALSE;909000000;1468035000
A;70;NTL MOBILE;FALSE;1207700000;1950435500
B;70;VODAFONE;FALSE;1312500000;2119687500
C;70;WORLDCOM;FALSE;963500000;1556052500
D;70;TELEFONICA;FALSE;917400000;1481601000
E;70;ORANGE;FALSE;1002200000;1618553000
A;71;ONE.TEL;FALSE;1313000000;2120495000
B;71;VODAFONE;FALSE;1312500000;2119687500
C;71;WORLDCOM;FALSE;963500000;1556052500
D;71;3GUK;FALSE;965100000;1558636500
E;71;ORANGE;FALSE;1002200000;1618553000
A;72;ONE.TEL;FALSE;1313000000;2120495000
B;72;VODAFONE;FALSE;1312500000;2119687500
D;72;3GUK;FALSE;965100000;1558636500
E;72;ORANGE;FALSE;1002200000;1618553000
C;72;TELEFONICA;TRUE;1013400000;1636641000
C;72;TIW;TRUE;1013400000;1636641000
A;73;ONE.TEL;FALSE;1313000000;2120495000
B;73;VODAFONE;FALSE;1312500000;2119687500
C;73;TIW;FALSE;1013400000;1636641000
D;73;TELEFONICA;FALSE;1052400000;1699626000
E;73;ORANGE;FALSE;1002200000;1618553000
A;74;ONE.TEL;FALSE;1313000000;2120495000
B;74;VODAFONE;FALSE;1312500000;2119687500
C;74;NTL MOBILE;FALSE;1064100000;1718521500
D;74;TELEFONICA;FALSE;1052400000;1699626000
E;74;3GUK;TRUE;1052400000;1699626000
E;74;BT3G;TRUE;1052400000;1699626000
E;74;CRESCENT;TRUE;1052400000;1699626000
E;74;EPSILON;TRUE;1052400000;1699626000
E;74;ONE2ONE;TRUE;1052400000;1699626000
E;74;SPECTRUMCO;TRUE;1052400000;1699626000
E;74;WORLDCOM;TRUE;1052400000;1699626000
A;75;WORLDCOM;FALSE;1378900000;2226923500
B;75;SPECTRUMCO;FALSE;1378200000;2225793000
C;75;NTL MOBILE;FALSE;1064100000;1718521500
E;75;ORANGE;FALSE;1125000000;1816875000
D;75;3GUK;TRUE;1105100000;1784736500
D;75;CRESCENT;TRUE;1105100000;1784736500
D;75;TIW;TRUE;1105100000;1784736500
A;76;WORLDCOM;FALSE;1378900000;2226923500
B;76;VODAFONE;FALSE;1447200000;2337228000
C;76;TELEFONICA;FALSE;1160400000;1874046000
D;76;CRESCENT;FALSE;1105100000;1784736500
E;76;ONE2ONE;FALSE;1212100000;1957541500
A;77;NTL MOBILE;FALSE;1448100000;2338681500
B;77;ORANGE;FALSE;1583400000;2557191000
C;77;TELEFONICA;FALSE;1160400000;1874046000
D;77;TIW;FALSE;1218500000;1967877500
E;77;ONE2ONE;FALSE;1212100000;1957541500
A;78;WORLDCOM;FALSE;1525600000;2463844000
B;78;VODAFONE;FALSE;1662600000;2685099000
D;78;TIW;FALSE;1218500000;1967877500
E;78;ONE2ONE;FALSE;1212100000;1957541500
C;78;3GUK;TRUE;1218500000;1967877500
C;78;BT3G;TRUE;1218500000;1967877500
C;78;CRESCENT;TRUE;1218500000;1967877500
C;78;EPSILON;TRUE;1218500000;1967877500
C;78;ONE.TEL;TRUE;1218500000;1967877500
C;78;SPECTRUMCO;TRUE;1218500000;1967877500
A;79;WORLDCOM;FALSE;1525600000;2463844000
B;79;VODAFONE;FALSE;1662600000;2685099000
C;79;BT3G;FALSE;1218500000;1967877500
D;79;NTL MOBILE;FALSE;1343500000;2169752500
E;79;ORANGE;FALSE;1322400000;2135676000
A;80;WORLDCOM;FALSE;1525600000;2463844000
B;80;VODAFONE;FALSE;1662600000;2685099000
D;80;NTL MOBILE;FALSE;1343500000;2169752500
E;80;TELEFONICA;FALSE;1388600000;2242589000
C;80;3GUK;TRUE;1279500000;2066392500
C;80;CRESCENT;TRUE;1279500000;2066392500
C;80;EPSILON;TRUE;1279500000;2066392500
C;80;ONE2ONE;TRUE;1279500000;2066392500
C;80;ONE.TEL;TRUE;1279500000;2066392500
C;80;SPECTRUMCO;TRUE;1279500000;2066392500
C;80;TIW;TRUE;1279500000;2066392500
A;81;WORLDCOM;FALSE;1525600000;2463844000
B;81;VODAFONE;FALSE;1662600000;2685099000
C;81;3GUK;FALSE;1345100000;2172336500
D;81;NTL MOBILE;FALSE;1343500000;2169752500
E;81;ORANGE;FALSE;1475600000;2383094000
A;82;WORLDCOM;FALSE;1525600000;2463844000
B;82;VODAFONE;FALSE;1662600000;2685099000
C;82;TELEFONICA;FALSE;1412400000;2281026000
D;82;TIW;FALSE;1412400000;2281026000
E;82;ORANGE;FALSE;1475600000;2383094000
A;83;SPECTRUMCO;FALSE;1601900000;2587068500
B;83;BT3G;FALSE;1745800000;2819467000
E;83;ORANGE;FALSE;1475600000;2383094000
C;83;CRESCENT;TRUE;1483100000;2395206500
C;83;NTL MOBILE;TRUE;1483100000;2395206500
C;83;ONE2ONE;TRUE;1483100000;2395206500
C;83;ONE.TEL;TRUE;1483100000;2395206500
D;83;3GUK;TRUE;1483100000;2395206500
D;83;EPSILON;TRUE;1483100000;2395206500
A;84;TELEFONICA;FALSE;1692500000;2733387500
B;84;VODAFONE;FALSE;1833100000;2960456500
C;84;WORLDCOM;FALSE;1557400000;2515201000
D;84;EPSILON;FALSE;1483100000;2395206500
E;84;3GUK;TRUE;1549400000;2502281000
E;84;CRESCENT;TRUE;1549400000;2502281000
E;84;NTL MOBILE;TRUE;1549400000;2502281000
E;84;ONE.TEL;TRUE;1549400000;2502281000
E;84;TIW;TRUE;1549400000;2502281000
A;85;TELEFONICA;FALSE;1692500000;2733387500
B;85;VODAFONE;FALSE;1833100000;2960456500
C;85;WORLDCOM;FALSE;1557400000;2515201000
E;85;ORANGE;FALSE;1650000000;2664750000
D;85;BT3G;TRUE;1557300000;2515039500
D;85;CRESCENT;TRUE;1557300000;2515039500
D;85;NTL MOBILE;TRUE;1557300000;2515039500
D;85;ONE2ONE;TRUE;1557300000;2515039500
D;85;ONE.TEL;TRUE;1557300000;2515039500
D;85;SPECTRUMCO;TRUE;1557300000;2515039500
D;85;TIW;TRUE;1557300000;2515039500
A;86;ONE.TEL;FALSE;1788000000;2887620000
B;86;BT3G;FALSE;1924800000;3108552000
C;86;3GUK;FALSE;1650100000;2664911500
E;86;ORANGE;FALSE;1650000000;2664750000
D;86;CRESCENT;TRUE;1635200000;2640848000
D;86;ONE2ONE;TRUE;1635200000;2640848000
D;86;SPECTRUMCO;TRUE;1635200000;2640848000
A;87;TELEFONICA;FALSE;1881100000;3037976500
B;87;VODAFONE;FALSE;2021100000;3264076500
C;87;3GUK;FALSE;1650100000;2664911500
E;87;ORANGE;FALSE;1650000000;2664750000
D;87;CRESCENT;TRUE;1717000000;2772955000
D;87;EPSILON;TRUE;1717000000;2772955000
D;87;NTL MOBILE;TRUE;1717000000;2772955000
D;87;ONE2ONE;TRUE;1717000000;2772955000
D;87;TIW;TRUE;1717000000;2772955000
D;87;WORLDCOM;TRUE;1717000000;2772955000
A;88;TELEFONICA;FALSE;1881100000;3037976500
B;88;VODAFONE;FALSE;2021100000;3264076500
C;88;NTL MOBILE;FALSE;1732700000;2798310500
D;88;CRESCENT;FALSE;1717000000;2772955000
E;88;WORLDCOM;FALSE;1732700000;2798310500
A;89;3GUK;FALSE;2001100000;3231776500
B;89;VODAFONE;FALSE;2021100000;3264076500
C;89;NTL MOBILE;FALSE;1732700000;2798310500
E;89;ORANGE;FALSE;1859400000;3002931000
D;89;BT3G;TRUE;1802900000;2911683500
D;89;EPSILON;TRUE;1802900000;2911683500
D;89;ONE2ONE;TRUE;1802900000;2911683500
D;89;ONE.TEL;TRUE;1802900000;2911683500
D;89;SPECTRUMCO;TRUE;1802900000;2911683500
D;89;TIW;TRUE;1802900000;2911683500
A;90;3GUK;FALSE;2001100000;3231776500
B;90;BT3G;FALSE;2122200000;3427353000
C;90;WORLDCOM;FALSE;1879500000;3035392500
D;90;TELEFONICA;FALSE;1893100000;3057356500
E;90;ORANGE;FALSE;1859400000;3002931000
A;91;SPECTRUMCO;FALSE;2101200000;3393438000
B;91;VODAFONE;FALSE;2228400000;3598866000
C;91;WORLDCOM;FALSE;1879500000;3035392500
D;91;TELEFONICA;FALSE;1893100000;3057356500
E;91;NTL MOBILE;FALSE;1952500000;3153287500
A;92;SPECTRUMCO;FALSE;2101200000;3393438000
B;92;VODAFONE;FALSE;2228400000;3598866000
D;92;TELEFONICA;FALSE;1893100000;3057356500
E;92;ORANGE;FALSE;2076900000;3354193500
C;92;BT3G;TRUE;1973500000;3187202500
C;92;EPSILON;TRUE;1973500000;3187202500
C;92;ONE2ONE;TRUE;1973500000;3187202500
C;92;ONE.TEL;TRUE;1973500000;3187202500
C;92;TIW;TRUE;1973500000;3187202500
A;93;SPECTRUMCO;FALSE;2101200000;3393438000
B;93;VODAFONE;FALSE;2228400000;3598866000
C;93;ONE.TEL;FALSE;1973500000;3187202500
D;93;NTL MOBILE;FALSE;2000000000;3230000000
E;93;ORANGE;FALSE;2076900000;3354193500
A;94;TELEFONICA;FALSE;2210000000;3569150000
B;94;BT3G;FALSE;2339900000;3778938500
D;94;NTL MOBILE;FALSE;2000000000;3230000000
E;94;ORANGE;FALSE;2076900000;3354193500
C;94;EPSILON;TRUE;2072200000;3346603000
C;94;ONE2ONE;TRUE;2072200000;3346603000
C;94;TIW;TRUE;2072200000;3346603000
C;94;WORLDCOM;TRUE;2072200000;3346603000
A;95;TELEFONICA;FALSE;2210000000;3569150000
B;95;VODAFONE;FALSE;2456900000;3967893500
C;95;TIW;FALSE;2072200000;3346603000
D;95;WORLDCOM;FALSE;2121600000;3426384000
E;95;ORANGE;FALSE;2076900000;3354193500
A;96;TELEFONICA;FALSE;2210000000;3569150000
B;96;VODAFONE;FALSE;2456900000;3967893500
C;96;NTL MOBILE;FALSE;2180000000;3520700000
D;96;WORLDCOM;FALSE;2121600000;3426384000
E;96;ORANGE;FALSE;2076900000;3354193500
A;97;TELEFONICA;FALSE;2210000000;3569150000
B;97;VODAFONE;FALSE;2456900000;3967893500
C;97;NTL MOBILE;FALSE;2180000000;3520700000
D;97;WORLDCOM;FALSE;2121600000;3426384000
E;97;BT3G;TRUE;2180800000;3521992000
E;97;ONE2ONE;TRUE;2180800000;3521992000
E;97;ONE.TEL;TRUE;2180800000;3521992000
E;97;TIW;TRUE;2180800000;3521992000
A;98;TIW;FALSE;2320500000;3747607500
B;98;VODAFONE;FALSE;2456900000;3967893500
C;98;NTL MOBILE;FALSE;2180000000;3520700000
E;98;ORANGE;FALSE;2334100000;3769571500
D;98;BT3G;TRUE;2227700000;3597735500
D;98;ONE2ONE;TRUE;2227700000;3597735500
A;99;TELEFONICA;FALSE;2439600000;3939954000
B;99;BT3G;FALSE;2579800000;4166377000
C;99;WORLDCOM;FALSE;2289000000;3696735000
D;99;ONE2ONE;FALSE;2227700000;3597735500
E;99;ORANGE;FALSE;2334100000;3769571500
A;100;NTL MOBILE;FALSE;2601000000;4200615000
B;100;VODAFONE;FALSE;2708800000;4374712000
C;100;WORLDCOM;FALSE;2289000000;3696735000
D;100;TIW;FALSE;2339100000;3777646500
E;100;ORANGE;FALSE;2334100000;3769571500
A;101;NTL MOBILE;FALSE;2601000000;4200615000
B;101;BT3G;FALSE;2844300000;4593544500
C;101;TELEFONICA;FALSE;2419400000;3907331000
D;101;TIW;FALSE;2339100000;3777646500
E;101;ORANGE;FALSE;2334100000;3769571500
A;102;WORLDCOM;FALSE;2731100000;4410726500
B;102;VODAFONE;FALSE;2986600000;4823359000
C;102;TELEFONICA;FALSE;2419400000;3907331000
D;102;TIW;FALSE;2339100000;3777646500
E;102;ONE2ONE;FALSE;2450900000;3958203500
A;103;WORLDCOM;FALSE;2731100000;4410726500
B;103;BT3G;FALSE;3136000000;5064640000
C;103;TELEFONICA;FALSE;2419400000;3907331000
D;103;NTL MOBILE;FALSE;2456100000;3966601500
E;103;ORANGE;FALSE;2591500000;4185272500
A;104;WORLDCOM;FALSE;2731100000;4410726500
B;104;VODAFONE;FALSE;3292800000;5317872000
C;104;ONE2ONE;FALSE;2540400000;4102746000
D;104;TIW;FALSE;2579000000;4165085000
E;104;ORANGE;FALSE;2591500000;4185272500
A;105;WORLDCOM;FALSE;2731100000;4410726500
B;105;BT3G;FALSE;3457500000;5583862500
C;105;ONE2ONE;FALSE;2540400000;4102746000
D;105;NTL MOBILE;FALSE;2708000000;4373420000
E;105;ORANGE;FALSE;2591500000;4185272500
A;106;TIW;FALSE;2867700000;4631335500
B;106;VODAFONE;FALSE;3630400000;5863096000
C;106;ONE2ONE;FALSE;2540400000;4102746000
D;106;NTL MOBILE;FALSE;2708000000;4373420000
E;106;ORANGE;FALSE;2591500000;4185272500
A;107;TELEFONICA;FALSE;3002500000;4849037500
B;107;BT3G;FALSE;3775700000;6097755500
C;107;WORLDCOM;FALSE;2741000000;4426715000
D;107;NTL MOBILE;FALSE;2708000000;4373420000
E;107;ORANGE;FALSE;2591500000;4185272500
A;108;TIW;FALSE;3122600000;5042999000
B;108;VODAFONE;FALSE;3926800000;6341782000
C;108;WORLDCOM;FALSE;2741000000;4426715000
D;108;NTL MOBILE;FALSE;2708000000;4373420000
E;108;ONE2ONE;FALSE;2721100000;4394576500
A;109;TIW;FALSE;3122600000;5042999000
B;109;BT3G;FALSE;4083900000;6595498500
C;109;WORLDCOM;FALSE;2741000000;4426715000
D;109;TELEFONICA;FALSE;2843400000;4592091000
E;109;ORANGE;FALSE;2861100000;4620676500
A;110;NTL MOBILE;FALSE;3247600000;5244874000
B;110;VODAFONE;FALSE;4247300000;6859389500
C;110;ONE2ONE;FALSE;2850700000;4603880500
D;110;TELEFONICA;FALSE;2843400000;4592091000
E;110;ORANGE;FALSE;2861100000;4620676500
A;111;TIW;FALSE;3361300000;5428499500
B;111;BT3G;FALSE;4396000000;7099540000
C;111;WORLDCOM;FALSE;2950500000;4765057500
D;111;TELEFONICA;FALSE;2843400000;4592091000
E;111;ORANGE;FALSE;2861100000;4620676500
A;112;NTL MOBILE;FALSE;3479000000;5618585000
B;112;VODAFONE;FALSE;4549900000;7348088500
C;112;WORLDCOM;FALSE;2950500000;4765057500
D;112;ONE2ONE;FALSE;2957200000;4775878000
E;112;ORANGE;FALSE;2861100000;4620676500
A;113;TIW;FALSE;3600800000;5815292000
B;113;VODAFONE;FALSE;4549900000;7348088500
C;113;WORLDCOM;FALSE;2950500000;4765057500
D;113;ONE2ONE;FALSE;2957200000;4775878000
E;113;TELEFONICA;FALSE;2985400000;4821421000
A;114;TIW;FALSE;3600800000;5815292000
B;114;VODAFONE;FALSE;4549900000;7348088500
D;114;ONE2ONE;FALSE;2957200000;4775878000
E;114;ORANGE;FALSE;3105300000;5015059500
C;114;BT3G;TRUE;3053800000;4931887000
C;114;NTL MOBILE;TRUE;3053800000;4931887000
A;115;WORLDCOM;FALSE;3774000000;6095010000
B;115;VODAFONE;FALSE;4549900000;7348088500
C;115;BT3G;FALSE;3053800000;4931887000
D;115;TELEFONICA;FALSE;3060800000;4943192000
E;115;ORANGE;FALSE;3105300000;5015059500
A;116;TIW;FALSE;3906100000;6308351500
B;116;VODAFONE;FALSE;4549900000;7348088500
C;116;NTL MOBILE;FALSE;3169900000;5119388500
D;116;TELEFONICA;FALSE;3060800000;4943192000
E;116;ORANGE;FALSE;3105300000;5015059500
A;117;TIW;FALSE;3906100000;6308351500
B;117;VODAFONE;FALSE;4549900000;7348088500
C;117;NTL MOBILE;FALSE;3169900000;5119388500
D;117;WORLDCOM;FALSE;3173000000;5124395000
E;117;ORANGE;FALSE;3105300000;5015059500
A;118;TIW;FALSE;3906100000;6308351500
B;118;VODAFONE;FALSE;4549900000;7348088500
C;118;NTL MOBILE;FALSE;3169900000;5119388500
D;118;WORLDCOM;FALSE;3173000000;5124395000
E;118;TELEFONICA;FALSE;3216000000;5193840000
A;119;TIW;FALSE;3906100000;6308351500
B;119;VODAFONE;FALSE;4549900000;7348088500
D;119;WORLDCOM;FALSE;3173000000;5124395000
E;119;ORANGE;FALSE;3351900000;5413318500
C;119;BT3G;TRUE;3280900000;5298653500
C;119;ONE2ONE;TRUE;3280900000;5298653500
A;120;TIW;FALSE;3906100000;6308351500
B;120;VODAFONE;FALSE;4549900000;7348088500
C;120;BT3G;FALSE;3280900000;5298653500
D;120;NTL MOBILE;FALSE;3297100000;5324816500
E;120;ORANGE;FALSE;3351900000;5413318500
A;121;TIW;FALSE;3906100000;6308351500
B;121;VODAFONE;FALSE;4549900000;7348088500
C;121;TELEFONICA;FALSE;3405600000;5500044000
D;121;NTL MOBILE;FALSE;3297100000;5324816500
E;121;ORANGE;FALSE;3351900000;5413318500
A;122;TIW;FALSE;3906100000;6308351500
B;122;BT3G;FALSE;4709200000;7605358000
C;122;TELEFONICA;FALSE;3405600000;5500044000
D;122;ONE2ONE;FALSE;3413000000;5511995000
E;122;ORANGE;FALSE;3351900000;5413318500
A;123;NTL MOBILE;FALSE;4042900000;6529283500
B;123;VODAFONE;FALSE;4878100000;7878131500
C;123;TELEFONICA;FALSE;3405600000;5500044000
D;123;ONE2ONE;FALSE;3413000000;5511995000
E;123;ORANGE;FALSE;3351900000;5413318500
A;124;NTL MOBILE;FALSE;4042900000;6529283500
B;124;BT3G;FALSE;5000100000;8075161500
C;124;TELEFONICA;FALSE;3405600000;5500044000
D;124;ONE2ONE;FALSE;3413000000;5511995000
E;124;TIW;FALSE;3469300000;5602919500
A;125;NTL MOBILE;FALSE;4042900000;6529283500
B;125;VODAFONE;FALSE;5125200000;8277198000
C;125;TELEFONICA;FALSE;3405600000;5500044000
D;125;ONE2ONE;FALSE;3413000000;5511995000
E;125;ORANGE;FALSE;3646800000;5889582000
A;126;TIW;FALSE;4144000000;6692560000
B;126;VODAFONE;FALSE;5125200000;8277198000
C;126;BT3G;FALSE;3490800000;5637642000
D;126;ONE2ONE;FALSE;3413000000;5511995000
E;126;ORANGE;FALSE;3646800000;5889582000
A;127;NTL MOBILE;FALSE;4277700000;6908485500
B;127;VODAFONE;FALSE;5125200000;8277198000
C;127;BT3G;FALSE;3490800000;5637642000
D;127;TELEFONICA;FALSE;3500000000;5652500000
E;127;ORANGE;FALSE;3646800000;5889582000
A;128;NTL MOBILE;FALSE;4277700000;6908485500
B;128;VODAFONE;FALSE;5125200000;8277198000
C;128;ONE2ONE;FALSE;3578600000;5779439000
D;128;TIW;FALSE;3590200000;5798173000
E;128;ORANGE;FALSE;3646800000;5889582000
A;129;NTL MOBILE;FALSE;4277700000;6908485500
B;129;BT3G;FALSE;5253400000;8484241000
C;129;TELEFONICA;FALSE;3668100000;5923981500
D;129;TIW;FALSE;3590200000;5798173000
E;129;ORANGE;FALSE;3646800000;5889582000
A;130;NTL MOBILE;FALSE;4277700000;6908485500
B;130;VODAFONE;FALSE;5384800000;8696452000
C;130;TELEFONICA;FALSE;3668100000;5923981500
D;130;ONE2ONE;FALSE;3680000000;5943200000
E;130;ORANGE;FALSE;3646800000;5889582000
A;131;TIW;FALSE;4384700000;7081290500
B;131;BT3G;FALSE;5519500000;8913992500
C;131;TELEFONICA;FALSE;3668100000;5923981500
D;131;ONE2ONE;FALSE;3680000000;5943200000
E;131;ORANGE;FALSE;3646800000;5889582000
A;132;TIW;FALSE;4384700000;7081290500
B;132;VODAFONE;FALSE;5657500000;9136862500
C;132;NTL MOBILE;FALSE;3759900000;6072238500
D;132;ONE2ONE;FALSE;3680000000;5943200000
E;132;ORANGE;FALSE;3646800000;5889582000
A;133;TIW;FALSE;4384700000;7081290500
B;133;VODAFONE;FALSE;5657500000;9136862500
C;133;NTL MOBILE;FALSE;3759900000;6072238500
D;133;ONE2ONE;FALSE;3680000000;5943200000
E;133;BT3G;FALSE;3738000000;6036870000
A;134;TIW;FALSE;4384700000;7081290500
B;134;VODAFONE;FALSE;5657500000;9136862500
C;134;NTL MOBILE;FALSE;3759900000;6072238500
D;134;ONE2ONE;FALSE;3680000000;5943200000
E;134;ORANGE;FALSE;3832000000;6188680000
A;135;TIW;FALSE;4384700000;7081290500
B;135;VODAFONE;FALSE;5657500000;9136862500
C;135;NTL MOBILE;FALSE;3759900000;6072238500
D;135;BT3G;FALSE;3772000000;6091780000
E;135;ORANGE;FALSE;3832000000;6188680000
A;136;TIW;FALSE;4384700000;7081290500
B;136;VODAFONE;FALSE;5657500000;9136862500
C;136;NTL MOBILE;FALSE;3759900000;6072238500
D;136;ONE2ONE;FALSE;3828600000;6183189000
E;136;ORANGE;FALSE;3832000000;6188680000
A;137;TIW;FALSE;4384700000;7081290500
B;137;VODAFONE;FALSE;5657500000;9136862500
C;137;BT3G;FALSE;3853900000;6224048500
D;137;ONE2ONE;FALSE;3828600000;6183189000
E;137;ORANGE;FALSE;3832000000;6188680000
A;138;TIW;FALSE;4384700000;7081290500
B;138;VODAFONE;FALSE;5657500000;9136862500
C;138;BT3G;FALSE;3853900000;6224048500
D;138;NTL MOBILE;FALSE;3886100000;6276051500
E;138;ORANGE;FALSE;3832000000;6188680000
A;139;TIW;FALSE;4384700000;7081290500
B;139;VODAFONE;FALSE;5657500000;9136862500
C;139;BT3G;FALSE;3853900000;6224048500
D;139;NTL MOBILE;FALSE;3886100000;6276051500
E;139;ONE2ONE;FALSE;3889500000;6281542500
A;140;TIW;FALSE;4384700000;7081290500
B;140;VODAFONE;FALSE;5657500000;9136862500
C;140;BT3G;FALSE;3853900000;6224048500
D;140;NTL MOBILE;FALSE;3886100000;6276051500
E;140;ORANGE;FALSE;3947900000;6375858500
A;141;TIW;FALSE;4384700000;7081290500
B;141;VODAFONE;FALSE;5657500000;9136862500
C;141;ONE2ONE;FALSE;3911800000;6317557000
D;141;NTL MOBILE;FALSE;3886100000;6276051500
E;141;ORANGE;FALSE;3947900000;6375858500
A;142;TIW;FALSE;4384700000;7081290500
B;142;BT3G;FALSE;5799000000;9365385000
C;142;ONE2ONE;FALSE;3911800000;6317557000
D;142;NTL MOBILE;FALSE;3886100000;6276051500
E;142;ORANGE;FALSE;3947900000;6375858500
A;143;TIW;FALSE;4384700000;7081290500
B;143;VODAFONE;FALSE;5964000000;9631860000
C;143;ONE2ONE;FALSE;3911800000;6317557000
D;143;NTL MOBILE;FALSE;3886100000;6276051500
E;143;ORANGE;FALSE;3947900000;6375858500
A;144;TIW;FALSE;4384700000;7081290500
B;144;VODAFONE;FALSE;5964000000;9631860000
C;144;ONE2ONE;FALSE;3911800000;6317557000
D;144;BT3G;FALSE;3944400000;6370206000
E;144;ORANGE;FALSE;3947900000;6375858500
A;145;TIW;FALSE;4384700000;7081290500
B;145;VODAFONE;FALSE;5964000000;9631860000
C;145;NTL MOBILE;FALSE;3970500000;6412357500
D;145;BT3G;FALSE;3944400000;6370206000
E;145;ORANGE;FALSE;3947900000;6375858500
A;146;TIW;FALSE;4384700000;7081290500
B;146;VODAFONE;FALSE;5964000000;9631860000
C;146;NTL MOBILE;FALSE;3970500000;6412357500
D;146;ONE2ONE;FALSE;4003600000;6465814000
E;146;ORANGE;FALSE;3947900000;6375858500
A;147;TIW;FALSE;4384700000;7081290500
B;147;VODAFONE;FALSE;5964000000;9631860000
C;147;NTL MOBILE;FALSE;3970500000;6412357500
D;147;ONE2ONE;FALSE;4003600000;6465814000
E;147;BT3G;FALSE;4007200000;6471628000
A;148;TIW;FALSE;4384700000;7081290500
B;148;VODAFONE;FALSE;5964000000;9631860000
C;148;NTL MOBILE;FALSE;3970500000;6412357500
D;148;ONE2ONE;FALSE;4003600000;6465814000
E;148;ORANGE;FALSE;4095000000;6613425000
A;149;TIW;FALSE;4384700000;7081290500
B;149;VODAFONE;FALSE;5964000000;9631860000
C;149;BT3G;FALSE;4030100000;6508611500
D;149;ONE2ONE;FALSE;4003600000;6465814000
E;149;ORANGE;FALSE;4095000000;6613425000
A;150;TIW;FALSE;4384700000;7081290500
B;150;VODAFONE;FALSE;5964000000;9631860000
C;150;BT3G;FALSE;4030100000;6508611500
D;150;ONE2ONE;FALSE;4003600000;6465814000
E;150;ORANGE;FALSE;4095000000;6613425000
